Country Name_1990,Country Code,Year_1990,Access to Clean Fuels and Technologies for cooking (% of total population)_1990,Access to electricity (% of rural population with access)_1990,Access to electricity (% of total population)_1990,Access to electricity (% of urban population with access)_1990,Energy intensity level of primary energy (MJ/2011 USD PPP)_1990,Renewable electricity output (GWh)_1990,Renewable electricity share of total electricity output (%)_1990,Renewable energy consumption (TJ)_1990,Renewable energy share of TFEC (%)_1990,Total electricity output (GWh)_1990,Total final energy consumption (TFEC) (TJ)_1990,Population_1990,Region_1990,IncomeGroup_1990,Per Capita Total Energy Consumption_1990,Per Capita Renewable Energy Consumption_1990,Country Name_2015,Year_2015,Access to Clean Fuels and Technologies for cooking (% of total population)_2015,Access to electricity (% of rural population with access)_2015,Access to electricity (% of total population)_2015,Access to electricity (% of urban population with access)_2015,Energy intensity level of primary energy (MJ/2011 USD PPP)_2015,Renewable electricity output (GWh)_2015,Renewable electricity share of total electricity output (%)_2015,Renewable energy consumption (TJ)_2015,Renewable energy share of TFEC (%)_2015,Total electricity output (GWh)_2015,Total final energy consumption (TFEC) (TJ)_2015,Population_2015,Region_2015,IncomeGroup_2015,Per Capita Total Energy Consumption_2015,Per Capita Renewable Energy Consumption_2015
Afghanistan,AFG,1990,,,0.01,52.04,1.88,764.0,67.73,6312.39,15.92,1128.0,39639.42,12249114.0,South Asia,Low income,0.0032361050766610546,0.0005153344152074999,Afghanistan,2015,30.1,64.2,71.5,92.5,2.46,,,25134.53,18.42,,136426.64,33736494.0,South Asia,Low income,0.004043889089364177,0.0007450249572465947
Albania,ALB,1990,,100.0,100.0,100.0,7.91,2848.0,86.41,20429.18,25.52,3296.0,80057.64,3286542.0,Europe & Central Asia,Upper middle income,0.024359232287309882,0.006216010627583642,Albania,2015,75.37,100.0,100.0,100.0,2.89,,,31555.45,38.62,,81717.67,2880703.0,Europe & Central Asia,Upper middle income,0.02836726660124282,0.010954079611816978
Algeria,DZA,1990,,96.39,98.27,100.0,3.5,135.0,0.84,811.78,0.18,16104.0,458040.44,25912367.0,Middle East & North Africa,Upper middle income,0.017676518706299583,3.132789837377651e-05,Algeria,2015,92.7,98.69,99.34,99.61,4.13,,,833.67,0.06,,1413989.84,39871528.0,Middle East & North Africa,Upper middle income,0.03546364814511247,2.0908905221791348e-05
American Samoa,ASM,1990,,,,,,0.0,0.0,0.0,0.0,100.0,306.0,47038.0,East Asia & Pacific,Upper middle income,0.006505378630043794,0.0,American Samoa,2015,,,,,,,,4.97,0.89,,561.06,55537.0,East Asia & Pacific,Upper middle income,0.010102454219709381,8.948988962313412e-05
Andorra,AND,1990,,100.0,100.0,100.0,,120.0,100.0,952.14,14.27,120.0,6670.7,54509.0,Europe & Central Asia,High income,0.12237795593388247,0.01746757416206498,Andorra,2015,100.0,100.0,100.0,100.0,,,,1642.52,19.75,,8317.48,78014.0,Europe & Central Asia,High income,0.10661522290870869,0.021054169764401262
Angola,AGO,1990,,7.52,11.4,22.68,4.61,725.0,86.21,135443.7,72.26,841.0,187451.7,12171441.0,Sub-Saharan Africa,Lower middle income,0.015400945541288005,0.011127992158036178,Angola,2015,47.36,7.0,42.0,64.0,3.61,,,243771.1,49.57,,491789.19,27859305.0,Sub-Saharan Africa,Lower middle income,0.01765260080967562,0.00875007829520514
Anguilla,AIA,1990,,,89.2,89.2,,0.0,0.0,1.83,0.3,16.7,615.4,,,,,,Anguilla,2015,,,100.0,100.0,,,,1.83,0.11,,1618.96,,,,,
Antigua and Barbuda,ATG,1990,,76.96,85.12,100.0,3.95,0.0,0.0,0.0,0.0,95.0,2551.9,66696.0,Latin America & Caribbean,High income,0.03826166486745832,0.0,Antigua and Barbuda,2015,98.67,95.84,96.83,100.0,3.89,,,0.0,0.0,,4701.1,99923.0,Latin America & Caribbean,High income,0.04704722636430052,0.0
Argentina,ARG,1990,,90.64,90.64,90.64,5.44,17983.0,35.44,105714.2,8.92,50740.0,1184750.6,32729739.0,Latin America & Caribbean,Upper middle income,0.036197984957961324,0.0032299127102724525,Argentina,2015,98.29,100.0,100.0,100.0,4.34,,,239470.6,10.04,,2385146.9,43417765.0,Latin America & Caribbean,Upper middle income,0.054934815276650006,0.005515498091622174
Armenia,ARM,1990,,95.79,97.68,98.59,24.37,1555.0,15.01,5502.3,2.12,10362.0,259671.99,3538165.0,Europe & Central Asia,Lower middle income,0.07339171293594278,0.0015551281525875702,Armenia,2015,96.62,100.0,100.0,100.0,5.38,,,13445.59,15.79,,85141.76,2916950.0,Europe & Central Asia,Lower middle income,0.0291886251049898,0.004609468794459967
Aruba,ABW,1990,,76.76,88.45,99.99,,0.0,0.0,8.27,0.27,338.0,3075.97,62149.0,Latin America & Caribbean,High income,0.04949347535760833,0.00013306730599044233,Aruba,2015,,91.86,95.24,100.0,3.32,,,437.77,6.73,,6507.93,104341.0,Latin America & Caribbean,High income,0.06237174265149845,0.004195570293556703
Australia,AUS,1990,,100.0,100.0,100.0,7.42,14898.0,9.66,176729.7,8.01,154287.0,2206479.77,17065100.0,East Asia & Pacific,High income,0.12929779315679368,0.010356206526771014,Australia,2015,100.0,100.0,100.0,100.0,5.03,,,296838.1,9.18,,3233353.35,23850784.0,East Asia & Pacific,High income,0.13556591473051788,0.012445632814418175
Austria,AUT,1990,,100.0,100.0,100.0,4.36,32635.0,66.2,191963.7,25.14,49296.0,763707.74,7677850.0,Europe & Central Asia,High income,0.09946895810676165,0.025002272771674362,Austria,2015,100.0,100.0,100.0,100.0,3.61,,,362355.8,34.39,,1053513.26,8633169.0,Europe & Central Asia,High income,0.1220308857616479,0.04197251322196982
Azerbaijan,AZE,1990,,92.47,95.87,98.79,15.57,1658.0,7.16,4783.3,0.72,23152.0,662449.1,7159000.0,Europe & Central Asia,Upper middle income,0.0925337477301299,0.0006681519765330354,Azerbaijan,2015,95.1,100.0,100.0,100.0,3.73,,,7681.28,2.31,,332414.08,9649341.0,Europe & Central Asia,Upper middle income,0.03444940747767127,0.0007960419265937435
"Bahamas, The",BHS,1990,,82.03,90.79,93.0,4.34,0.0,0.0,0.0,0.0,950.0,15588.9,256336.0,Latin America & Caribbean,High income,0.06081432182760127,0.0,"Bahamas, The",2015,100.0,100.0,100.0,99.87,4.03,,,310.33,1.21,,25636.49,386838.0,Latin America & Caribbean,High income,0.06627190193310896,0.0008022221188197643
Bahrain,BHR,1990,,,,,12.48,0.0,0.0,0.0,0.0,7989.0,43713.16,495931.0,Middle East & North Africa,High income,0.08814363288441336,0.0,Bahrain,2015,100.0,100.0,100.0,100.0,9.79,,,0.0,0.0,,191733.46,1371855.0,Middle East & North Africa,High income,0.1397621906105237,0.0
Bangladesh,BGD,1990,,,8.54,65.98,3.9,884.0,11.43,285257.2,71.66,7732.0,398042.72,106188642.0,South Asia,Lower middle income,0.0037484491043778484,0.0026863249649618838,Bangladesh,2015,16.68,55.53,68.2,92.51,3.14,,,386058.6,34.75,,1111053.71,161200886.0,South Asia,Lower middle income,0.006892354859637682,0.0023948913035130586
Barbados,BRB,1990,,,,,4.65,0.0,0.0,1805.19,18.94,468.0,9529.99,260374.0,Latin America & Caribbean,High income,0.03660115833378141,0.006933065513453724,Barbados,2015,99.41,100.0,100.0,100.0,3.78,,,315.08,2.79,,11307.93,284217.0,Latin America & Caribbean,High income,0.039786254868639105,0.001108589563608088
Belarus,BLR,1990,,100.0,100.0,100.0,23.13,20.0,0.05,8598.69,0.82,39526.0,1052010.83,10189000.0,Europe & Central Asia,Upper middle income,0.10324966434390029,0.0008439189321817646,Belarus,2015,98.01,100.0,100.0,100.0,6.47,,,44549.43,6.77,,657957.29,9489616.0,Europe & Central Asia,Upper middle income,0.0693344483064436,0.00469454506905232
Belgium,BEL,1990,,100.0,100.0,100.0,6.62,555.0,0.79,15414.34,1.27,70292.0,1214242.42,9967379.0,Europe & Central Asia,High income,0.12182163635996986,0.0015464787683903663,Belgium,2015,100.0,100.0,100.0,100.0,4.74,,,128345.2,9.2,,1394807.8,11274196.0,Europe & Central Asia,High income,0.12371683089419415,0.01138397806814783
Belize,BLZ,1990,,78.7,87.96,98.22,8.56,0.0,0.0,2335.03,38.01,108.0,6142.93,187552.0,Latin America & Caribbean,Upper middle income,0.032753209776488657,0.012450040522095206,Belize,2015,85.18,87.5,91.8,96.9,5.11,,,4279.87,35.02,,12219.95,359288.0,Latin America & Caribbean,Upper middle income,0.034011572888601904,0.01191208723920643
Benin,BEN,1990,,,7.31,30.24,9.55,0.0,0.0,56338.84,93.7,21.0,60124.75,4978496.0,Sub-Saharan Africa,Low income,0.012076890289758191,0.01131643773541246,Benin,2015,6.06,17.21,40.03,69.14,9.07,,,76473.18,50.86,,150352.43,10575952.0,Sub-Saharan Africa,Low income,0.014216444061016917,0.00723085543504736
Bermuda,BMU,1990,,,100.0,100.0,2.94,0.0,0.0,0.0,0.0,490.0,5382.0,59326.0,North America,High income,0.09071907763880929,0.0,Bermuda,2015,,,100.0,100.0,2.03,,,123.37,2.36,,5228.37,65250.0,North America,High income,0.08012827586206897,0.001890727969348659
BES Islands,BES,1990,,,,,,,,,,,,,,,,,BES Islands,2015,,,,,,,,112.79,2.97,,3797.75,,,,,
Bhutan,BTN,1990,,,0.01,93.31,30.02,1557.0,99.55,35634.84,95.9,1564.0,37158.78,537280.0,South Asia,Lower middle income,0.06916092167957118,0.06632452352590827,Bhutan,2015,51.75,97.43,98.42,100.0,10.41,,,54615.38,86.9,,62845.25,787386.0,South Asia,Lower middle income,0.07981504624161466,0.06936290459825295
Bolivia,BOL,1990,,10.39,56.38,93.14,4.3,1212.0,52.44,33547.38,37.36,2311.0,89797.31,6856244.0,Latin America & Caribbean,Lower middle income,0.01309715786077625,0.004892967636507685,Bolivia,2015,62.55,74.95,91.52,99.46,4.95,,,48839.15,17.54,,278473.28,10724705.0,Latin America & Caribbean,Lower middle income,0.025965588797081135,0.004553892158339087
Bosnia and Herzegovina,BIH,1990,,96.17,96.89,98.0,47.11,3058.0,20.9,14482.96,7.3,14632.0,198394.03,4463422.0,Europe & Central Asia,Upper middle income,0.044448862330292764,0.0032448108200389745,Bosnia and Herzegovina,2015,62.22,100.0,100.0,100.0,8.72,,,73353.16,40.75,,180007.49,3535961.0,Europe & Central Asia,Upper middle income,0.05090765706974709,0.020744900749753745
Botswana,BWA,1990,,0.24,6.04,14.08,4.56,0.0,0.0,17634.59,47.58,906.0,37059.42,1377912.0,Sub-Saharan Africa,Upper middle income,0.0268953460017766,0.012798052415538873,Botswana,2015,63.15,36.04,58.53,75.19,3.35,,,23155.78,28.88,,80179.77,2209197.0,Sub-Saharan Africa,Upper middle income,0.03629362614560856,0.010481536956640806
Brazil,BRA,1990,,55.42,87.48,97.54,3.81,210567.0,94.5,2126762.0,49.86,222821.0,4265067.41,149352145.0,Latin America & Caribbean,Upper middle income,0.02855712189470061,0.014239916005223762,Brazil,2015,95.38,98.24,99.71,99.96,4.13,,,3887176.0,43.79,,8876778.83,205962108.0,Latin America & Caribbean,Upper middle income,0.04309908709033023,0.018873257987823664
British Virgin Islands,VGB,1990,,,,,,0.0,0.0,8.22,1.45,45.0,565.82,16461.0,Latin America & Caribbean,High income,0.03437336735313772,0.0004993621286677602,British Virgin Islands,2015,,,,,,,,18.58,1.23,,1512.0,30113.0,Latin America & Caribbean,High income,0.050210872380699365,0.0006170092651014512
Brunei Darussalam,BRN,1990,,100.0,100.0,100.0,3.65,0.0,0.0,93.99,0.67,1172.0,13992.16,258785.0,East Asia & Pacific,High income,0.05406866704020712,0.0003631972486813378,Brunei Darussalam,2015,100.0,100.0,100.0,100.0,3.65,,,5.81,0.01,,38930.0,417542.0,East Asia & Pacific,High income,0.09323612953906434,1.3914767855688768e-05
Bulgaria,BGR,1990,,100.0,100.0,100.0,14.6,1878.0,4.46,12879.4,1.92,42141.0,671904.95,8718289.0,Europe & Central Asia,Upper middle income,0.07706844198443065,0.0014772852792560558,Bulgaria,2015,88.42,100.0,100.0,100.0,6.38,,,69034.96,17.65,,391131.19,7177991.0,Europe & Central Asia,Upper middle income,0.054490342771396624,0.009617587985273318
Burkina Faso,BFA,1990,,,2.61,28.98,12.92,9.0,4.89,86576.43,93.16,184.0,92934.99,8811034.0,Sub-Saharan Africa,Low income,0.01054756910482924,0.009825910330161022,Burkina Faso,2015,8.46,1.03,18.47,59.45,6.03,,,108923.9,74.17,,146862.65,18110624.0,Sub-Saharan Africa,Low income,0.008109198777468959,0.006014364828069977
Burundi,BDI,1990,,,0.35,54.36,9.79,108.0,98.18,49513.88,95.2,110.0,52010.01,5415415.0,Sub-Saharan Africa,Low income,0.009604067278315698,0.0091431367679116,Burundi,2015,0.83,1.42,7.25,49.81,7.72,,,49456.45,95.68,,51690.01,10199270.0,Sub-Saharan Africa,Low income,0.005068010749788955,0.004849018606233583
Cambodia,KHM,1990,,,0.01,34.83,14.28,,,0.0,,,0.0,8973342.0,East Asia & Pacific,Lower middle income,0.0,0.0,Cambodia,2015,16.36,34.13,47.57,98.98,5.77,,,159807.0,64.92,,246145.57,15517635.0,East Asia & Pacific,Lower middle income,0.015862312137126567,0.010298412096946473
Cameroon,CMR,1990,,5.49,30.13,67.63,6.24,2656.0,98.48,160882.7,81.59,2697.0,197176.76,11715218.0,Sub-Saharan Africa,Lower middle income,0.01683082295182215,0.013732796094788847,Cameroon,2015,21.98,20.66,58.87,90.92,4.78,,,217574.9,76.54,,284268.94,22834522.0,Sub-Saharan Africa,Lower middle income,0.012449086519087197,0.00952833170757855
Canada,CAN,1990,,100.0,100.0,100.0,10.17,300691.0,62.38,1353116.0,22.02,482041.0,6144730.64,27791000.0,North America,High income,0.22110505703285235,0.04868900003598287,Canada,2015,100.0,100.0,100.0,100.0,7.34,,,1587094.0,22.03,,7205757.62,35832513.0,North America,High income,0.20109551400986025,0.04429200932683677
Cape Verde,CPV,1990,,,32.56,74.32,4.03,0.0,0.0,592.77,36.63,42.0,1618.08,341883.0,Sub-Saharan Africa,Lower middle income,0.0047328472021130035,0.001733838769403568,Cape Verde,2015,70.63,86.45,90.24,92.24,2.77,,,1727.54,26.58,,6499.48,532913.0,Sub-Saharan Africa,Lower middle income,0.012196137080536597,0.0032416923587902714
Caucasian and Central Asia,CCA,1990,,,,,,,,,,,,,,,,,Caucasian and Central Asia,2015,,,,,,,,,,,,,,,,
Caucasus and Central Asia,GCA,1990,,,,,,,,,,,,,,,,,Caucasus and Central Asia,2015,,,,,,,,,,,,,,,,
Cayman Islands,CYM,1990,,,100.0,100.0,,0.0,0.0,0.0,0.0,225.0,2016.7,25010.0,Latin America & Caribbean,High income,0.08063574570171932,0.0,Cayman Islands,2015,,,100.0,100.0,,,,0.0,0.0,,4692.33,59963.0,Latin America & Caribbean,High income,0.07825375648316461,0.0
Central African Republic,CAF,1990,,,0.01,1.95,11.19,77.0,81.05,28100.01,93.49,95.0,30055.32,2939780.0,Sub-Saharan Africa,Low income,0.010223662995190116,0.009558541795644571,Central African Republic,2015,0.92,0.39,13.38,32.85,8.1,,,13517.51,76.57,,17654.48,4546100.0,Sub-Saharan Africa,Low income,0.003883434152350366,0.002973429972943842
Chad,TCD,1990,,0.01,0.01,0.01,6.78,0.0,0.0,36978.3,98.16,90.0,37670.1,5956859.0,Sub-Saharan Africa,Low income,0.006323819314843611,0.006207684284620469,Chad,2015,3.13,0.7,7.7,32.4,2.78,,,59316.84,89.36,,66381.57,14009413.0,Sub-Saharan Africa,Low income,0.004738354847558567,0.004234070335423761
Channel Islands,CHI,1990,,100.0,100.0,100.0,,,,0.0,,,0.0,140671.0,Europe & Central Asia,High income,0.0,0.0,Channel Islands,2015,,100.0,100.0,100.0,,,,0.0,,,0.0,163758.0,Europe & Central Asia,High income,0.0,0.0
Chile,CHL,1990,,62.89,92.26,98.85,4.83,9891.0,53.84,145055.9,34.03,18372.0,426298.09,13242132.0,Latin America & Caribbean,High income,0.032192557059542985,0.010954119774670725,Chile,2015,92.0,98.63,99.71,99.88,3.78,,,259606.8,24.88,,1043328.58,17762681.0,Latin America & Caribbean,High income,0.058737111813244855,0.014615293716078108
China,CHN,1990,,89.68,92.22,99.26,21.18,126788.0,20.41,8725501.0,34.08,621268.0,25600281.09,1135185000.0,East Asia & Pacific,Upper middle income,0.0225516379180486,0.007686413227799874,China,2015,58.54,100.0,100.0,100.0,6.69,,,9084482.0,12.41,,73183146.53,1371220000.0,East Asia & Pacific,Upper middle income,0.0533708278248567,0.006625109026997856
Colombia,COL,1990,,71.0,89.9,97.9,3.93,27771.0,76.38,298095.6,38.25,36357.0,779310.52,34271565.0,Latin America & Caribbean,Upper middle income,0.02273927438096276,0.008698044574270243,Colombia,2015,91.29,92.46,98.19,99.81,2.26,,,251833.9,23.56,,1068688.7,48228697.0,Latin America & Caribbean,Upper middle income,0.02215877198589877,0.005221660871327293
Comoros,COM,1990,,3.01,15.3,47.11,3.35,0.0,0.0,761.07,49.84,16.0,1527.07,411594.0,Sub-Saharan Africa,Low income,0.0037101366880955503,0.0018490794326447909,Comoros,2015,8.15,69.49,75.38,90.3,4.69,,,1607.8,45.33,,3546.65,777424.0,Sub-Saharan Africa,Low income,0.004562053654119245,0.0020681121241433245
"Congo, Dem. Rep.",COD,1990,,,0.01,6.92,11.14,5625.0,99.56,406845.4,92.05,5650.0,441993.94,34614581.0,Sub-Saharan Africa,Low income,0.012769010261889346,0.011753584421547671,"Congo, Dem. Rep.",2015,3.94,,16.42,45.64,20.94,,,862513.8,95.82,,900161.25,76196619.0,Sub-Saharan Africa,Low income,0.011813663936978622,0.01131958099085735
"Congo, Rep.",COG,1990,,,0.01,13.89,2.63,490.0,99.39,16528.35,65.41,493.0,25267.38,2440457.0,Sub-Saharan Africa,Lower middle income,0.010353544438603098,0.006772645451241304,"Congo, Rep.",2015,22.74,22.7,60.4,79.5,4.02,,,53145.05,62.4,,85165.46,4995648.0,Sub-Saharan Africa,Lower middle income,0.017047930518723498,0.01063826954981616
Cook Islands,COK,1990,,93.87,95.31,96.4,,0.0,0.0,0.0,0.0,16.0,362.5,,,,,,Cook Islands,2015,84.54,100.0,99.98,99.86,,,,0.0,0.0,,693.62,,,,,
Costa Rica,CRI,1990,,94.95,97.47,100.0,3.11,3382.0,97.52,27734.66,45.38,3468.0,61115.43,3095995.0,Latin America & Caribbean,Upper middle income,0.019740157849092135,0.008958237981650487,Costa Rica,2015,93.2,98.64,99.41,99.93,2.88,,,58767.05,38.73,,151721.84,4807852.0,Latin America & Caribbean,Upper middle income,0.03155709451954844,0.012223140396168602
Cote d'Ivoire,CIV,1990,,14.26,37.66,73.75,4.64,1322.0,66.67,87670.57,73.58,1983.0,119146.2,12267754.0,Sub-Saharan Africa,Lower middle income,0.009712144537622779,0.007146423868623385,Cote d'Ivoire,2015,17.96,29.99,64.09,92.92,7.24,,,182270.8,64.53,,282467.65,23108472.0,Sub-Saharan Africa,Lower middle income,0.012223553768505336,0.007887618012995406
Croatia,HRV,1990,,100.0,100.0,100.0,4.9,4128.0,45.55,57881.64,21.92,9062.0,264020.28,4780000.0,Europe & Central Asia,Upper middle income,0.055234368200836825,0.01210912970711297,Croatia,2015,92.28,100.0,100.0,100.0,4.05,,,89589.79,33.13,,270439.61,4203604.0,Europe & Central Asia,Upper middle income,0.06433517762377236,0.02131261412825756
Cuba,CUB,1990,,75.97,92.52,98.53,5.03,1540.0,10.25,243756.5,42.89,15024.0,568326.78,10582081.0,Latin America & Caribbean,Upper middle income,0.05370652331994057,0.023034835964684072,Cuba,2015,79.04,100.0,100.0,100.0,2.11,,,57732.18,19.28,,299420.26,11461432.0,Latin America & Caribbean,Upper middle income,0.026124157958621576,0.005037082626324529
Curacao,CUW,1990,,100.0,100.0,100.0,,0.0,0.0,0.0,0.0,790.0,24727.62,145400.0,Latin America & Caribbean,High income,0.17006616231086658,0.0,Curacao,2015,,100.0,100.0,100.0,,,,85.95,0.35,,24714.22,157980.0,Latin America & Caribbean,High income,0.15643891631852133,0.0005440562096467907
Cyprus,CYP,1990,,100.0,100.0,100.0,4.15,0.0,0.0,175.8,0.5,1974.0,35449.34,766614.0,Europe & Central Asia,High income,0.04624144615151823,0.00022932010111999,Cyprus,2015,100.0,100.0,100.0,100.0,3.27,,,5857.73,9.94,,58918.66,1160985.0,Europe & Central Asia,High income,0.05074885549770238,0.005045482930442684
Czech Republic,CZE,1990,,100.0,100.0,100.0,10.12,1161.0,1.86,46616.77,3.57,62271.0,1305240.89,10333355.0,Europe & Central Asia,High income,0.1263133696655152,0.0045112908634223825,Czech Republic,2015,97.17,100.0,100.0,100.0,5.51,,,142773.3,14.83,,962826.34,10546059.0,Europe & Central Asia,High income,0.09129726469385388,0.013538071425543892
Denmark,DNK,1990,,100.0,100.0,100.0,4.25,825.0,3.18,37940.52,7.04,25982.0,538808.46,5140939.0,Europe & Central Asia,High income,0.10480740191626471,0.007380075896640671,Denmark,2015,100.0,100.0,100.0,100.0,2.61,,,181410.8,33.17,,546907.7,5683483.0,Europe & Central Asia,High income,0.09622755975517125,0.03191894829279862
Djibouti,DJI,1990,,87.78,59.61,50.69,3.53,0.0,0.0,1184.68,26.59,179.0,4454.88,590398.0,Middle East & North Africa,Lower middle income,0.007545554016104391,0.0020065786130711825,Djibouti,2015,10.89,2.01,52.03,66.68,3.41,,,760.9,15.38,,4947.14,927414.0,Middle East & North Africa,Lower middle income,0.005334338278266233,0.0008204534328789515
Dominica,DMA,1990,,66.03,66.03,66.03,2.03,16.0,53.33,120.13,14.6,30.0,822.63,70926.0,Latin America & Caribbean,Upper middle income,0.011598426529058455,0.0016937371344781884,Dominica,2015,90.06,99.9,99.9,99.9,3.61,,,117.06,7.83,,1495.08,73162.0,Latin America & Caribbean,Upper middle income,0.02043519860036631,0.0016000109346382002
Dominican Republic,DOM,1990,,60.9,79.6,94.76,4.4,374.0,10.11,26450.68,28.01,3698.0,94427.66,7183647.0,Latin America & Caribbean,Upper middle income,0.013144807922772376,0.0036820684535306372,Dominican Republic,2015,89.93,95.91,98.56,99.83,2.45,,,37352.98,16.48,,226654.93,10528394.0,Latin America & Caribbean,Upper middle income,0.02152796808326132,0.0035478326513996346
Eastern Asia (including Japan),GEJ,1990,,,,,,,,,,,,,,,,,Eastern Asia (including Japan),2015,,,,,,,,,,,,,,,,
Eastern Asia (not including Japan),GEA,1990,,,,,,,,,,,,,,,,,Eastern Asia (not including Japan),2015,,,,,,,,,,,,,,,,
Eastern Europe,GEE,1990,,,,,,,,,,,,,,,,,Eastern Europe,2015,,,,,,,,,,,,,,,,
Ecuador,ECU,1990,,77.15,88.94,98.55,3.47,4987.0,78.55,53345.42,24.2,6349.0,220448.84,10218091.0,Latin America & Caribbean,Upper middle income,0.021574366483915634,0.005220683589527633,Ecuador,2015,95.24,96.4,98.83,99.87,3.62,,,68348.95,13.82,,494684.11,16144368.0,Latin America & Caribbean,Upper middle income,0.030641280600144892,0.004233609516334117
"Egypt, Arab Rep.",EGY,1990,,90.25,93.96,98.78,3.98,9932.0,23.5,74901.56,8.5,42256.0,880939.23,57412215.0,Middle East & North Africa,Lower middle income,0.015344108043906684,0.0013046275953645056,"Egypt, Arab Rep.",2015,97.31,100.0,100.0,100.0,3.51,,,119103.6,5.71,,2086104.92,93778172.0,Middle East & North Africa,Lower middle income,0.022245101130783398,0.0012700567462543416
El Salvador,SLV,1990,,51.5,72.46,94.08,4.34,2067.0,93.19,55594.89,67.14,2218.0,82808.08,5254984.0,Latin America & Caribbean,Lower middle income,0.015758008016770367,0.010579459423663326,El Salvador,2015,84.71,90.6,95.4,98.0,3.65,,,25172.23,24.4,,103161.62,6312478.0,Latin America & Caribbean,Lower middle income,0.0163424918074962,0.003987693897705465
Equatorial Guinea,GNQ,1990,,36.54,58.59,100.0,12.66,2.0,6.87,3929.52,84.71,29.1,4638.75,426846.0,Sub-Saharan Africa,Upper middle income,0.010867502565328011,0.009205943127029421,Equatorial Guinea,2015,34.0,51.79,67.47,91.07,2.21,,,5277.3,7.82,,67460.5,1175389.0,Sub-Saharan Africa,Upper middle income,0.057394190348897256,0.004489832727718228
Eritrea,ERI,1990,,5.85,17.84,81.73,,,,0.0,,,0.0,3113311.0,Sub-Saharan Africa,Low income,0.0,0.0,Eritrea,2015,15.6,37.74,45.51,74.84,4.83,,,18744.96,79.77,,23499.5,,Sub-Saharan Africa,Low income,,
Estonia,EST,1990,,100.0,100.0,100.0,17.99,0.0,0.0,7863.48,3.36,17181.0,234305.6,1569174.0,Europe & Central Asia,High income,0.1493177939476438,0.005011222464812697,Estonia,2015,92.61,100.0,100.0,100.0,6.32,,,31570.59,27.48,,114898.94,1315407.0,Europe & Central Asia,High income,0.08734858488665485,0.024000624901646412
Ethiopia,ETH,1990,,,0.01,73.69,30.63,1062.0,88.35,744589.6,96.64,1202.0,770514.43,48086516.0,Sub-Saharan Africa,Low income,0.01602350292959465,0.015484374039491652,Ethiopia,2015,3.4,20.18,33.42,88.15,13.67,,,1574274.0,92.16,,1708132.46,99873033.0,Sub-Saharan Africa,Low income,0.017103039816563897,0.015762753495230288
Europe,GEU,1990,,,,,,,,,,,,,,,,,Europe,2015,,,,,,,,,,,,,,,,
Faeroe Islands,FRO,1990,,100.0,100.0,100.0,,75.0,35.55,238.01,2.54,211.0,9352.88,47594.0,Europe & Central Asia,High income,0.19651384628314492,0.00500084044207253,Faeroe Islands,2015,,100.0,100.0,100.0,,,,623.25,7.51,,8295.01,48965.0,Europe & Central Asia,High income,0.1694069233125702,0.012728479526192178
Falkland Islands,FLK,1990,,,,,,0.0,0.0,5.06,1.13,11.0,447.64,,,,,,Falkland Islands,2015,,,,,,,,26.29,3.89,,675.99,,,,,
Fiji,FJI,1990,,41.79,60.46,86.66,4.56,385.0,82.44,9650.99,53.09,467.0,18177.18,728628.0,East Asia & Pacific,Upper middle income,0.024947133516691644,0.013245428394187431,Fiji,2015,39.16,95.35,97.12,98.65,4.85,,,7491.43,31.26,,23961.88,892149.0,East Asia & Pacific,Upper middle income,0.026858607698938185,0.008397061477398955
Finland,FIN,1990,,100.0,100.0,100.0,8.33,16015.0,29.45,214313.4,24.51,54377.0,874447.64,4986431.0,Europe & Central Asia,High income,0.17536543471673427,0.04297931727121061,Finland,2015,100.0,100.0,100.0,100.0,6.37,,,418361.2,43.24,,967638.86,5479531.0,Europe & Central Asia,High income,0.1765915477072764,0.0763498189899829
France,FRA,1990,,100.0,100.0,100.0,5.45,55779.0,13.37,565611.4,10.41,417199.0,5434380.86,58512808.0,Europe & Central Asia,High income,0.09287506523358101,0.009666454564956104,France,2015,100.0,100.0,100.0,100.0,4.1,,,760300.4,13.5,,5632162.57,66624068.0,Europe & Central Asia,High income,0.08453645565443407,0.011411797910628935
French Guyana,GUF,1990,,,,,,0.0,0.0,370.4,5.73,353.0,6468.5,,,,,,French Guyana,2015,,,,,,,,2928.83,32.44,,9028.91,,,,,
French Polynesia,PYF,1990,,100.0,100.0,100.0,,54.13,18.6,205.18,4.73,291.0,4336.39,198375.0,East Asia & Pacific,High income,0.02185955891619408,0.0010343037177063643,French Polynesia,2015,,100.0,100.0,100.0,,,,766.21,9.83,,7795.25,277690.0,East Asia & Pacific,High income,0.028071770679534733,0.002759227916021463
Gabon,GAB,1990,,12.16,64.61,88.02,2.66,708.0,72.39,33023.57,78.28,978.0,42186.11,952212.0,Sub-Saharan Africa,Upper middle income,0.04430327490096743,0.03468090089181821,Gabon,2015,78.13,49.78,90.31,96.28,6.54,,,162175.4,82.01,,197755.96,1930175.0,Sub-Saharan Africa,Upper middle income,0.10245493802375431,0.08402108617094305
"Gambia, The",GMB,1990,,1.98,16.23,39.17,4.77,0.0,0.0,3344.41,61.44,70.0,5443.21,916808.0,Sub-Saharan Africa,Low income,0.005937131874940009,0.003647884835210862,"Gambia, The",2015,3.23,14.94,46.49,67.84,4.5,,,5257.01,51.51,,10206.03,1977590.0,Sub-Saharan Africa,Low income,0.005160842237268595,0.002658291152362219
Georgia,GEO,1990,,96.15,97.33,98.3,13.5,7577.0,55.21,46062.88,12.77,13724.0,360598.78,4802000.0,Europe & Central Asia,Lower middle income,0.07509345689296128,0.009592436484798,Georgia,2015,76.36,99.99,99.99,100.0,5.78,,,45194.73,28.66,,157678.74,3717100.0,Europe & Central Asia,Lower middle income,0.0424198272847112,0.012158599445804526
Germany,DEU,1990,,100.0,100.0,100.0,5.88,19093.0,3.49,191345.9,2.1,547650.0,9120248.79,79433029.0,Europe & Central Asia,High income,0.11481683255462913,0.002408895926655397,Germany,2015,100.0,100.0,100.0,100.0,3.6,,,1183042.0,14.21,,8327614.78,81686611.0,Europe & Central Asia,High income,0.10194589637217291,0.014482691661672683
Ghana,GHA,1990,,,23.54,73.18,7.89,5721.0,100.0,143281.2,80.63,5721.0,177709.98,14628260.0,Sub-Saharan Africa,Lower middle income,0.01214840179214753,0.009794821803823558,Ghana,2015,20.37,60.29,75.72,88.84,3.75,,,117256.0,41.41,,283139.55,27582821.0,Sub-Saharan Africa,Lower middle income,0.010265068609189756,0.004251051768780286
Gibraltar,GIB,1990,,,100.0,100.0,,0.0,0.0,0.0,0.0,79.0,1429.83,29164.0,Europe & Central Asia,High income,0.04902722534631738,0.0,Gibraltar,2015,,,100.0,100.0,,,,0.0,0.0,,6422.72,34228.0,Europe & Central Asia,High income,0.18764520275797594,0.0
Greece,GRC,1990,,100.0,100.0,100.0,4.18,1771.0,5.09,45087.11,7.81,34775.0,577530.29,10196792.0,Europe & Central Asia,High income,0.05663843000818297,0.004421695568567055,Greece,2015,94.31,100.0,100.0,100.0,3.72,,,112744.2,17.17,,656633.01,10820883.0,Europe & Central Asia,High income,0.06068201735477595,0.010419131229863588
Greenland,GRL,1990,,100.0,100.0,100.0,,0.0,0.0,0.0,0.0,220.0,3829.7,55600.0,Europe & Central Asia,High income,0.06887949640287769,0.0,Greenland,2015,,100.0,100.0,100.0,,,,1239.81,15.53,,7981.35,56114.0,Europe & Central Asia,High income,0.1422345582207649,0.02209448622447161
Grenada,GRD,1990,,81.56,81.56,81.56,2.24,0.0,0.0,98.81,8.34,55.0,1184.47,96283.0,Latin America & Caribbean,Upper middle income,0.012301964001952577,0.0010262455469812947,Grenada,2015,96.5,91.87,91.87,91.87,2.97,,,314.05,10.92,,2876.05,106823.0,Latin America & Caribbean,Upper middle income,0.026923508982148042,0.0029399099444876106
Guadeloupe,GLP,1990,,,,,,30.0,3.94,792.12,6.75,762.0,11737.02,,,,,,Guadeloupe,2015,,,,,,,,869.17,4.68,,18560.7,,,,,
Guam,GUM,1990,,,,,,0.0,0.0,0.0,0.0,1370.2,4377.6,130482.0,East Asia & Pacific,High income,0.03354945509725479,0.0,Guam,2015,,100.0,100.0,100.0,,,,0.0,0.0,,5619.6,161797.0,East Asia & Pacific,High income,0.03473241160219288,0.0
Guatemala,GTM,1990,,38.74,60.19,90.9,3.91,2003.0,91.63,125735.7,74.97,2186.0,167725.13,9263813.0,Latin America & Caribbean,Lower middle income,0.018105409727074587,0.013572780452282445,Guatemala,2015,45.06,84.13,90.51,96.49,4.48,,,273673.4,63.65,,429959.36,16252429.0,Latin America & Caribbean,Lower middle income,0.02645508311403791,0.016838922969606575
Guinea,GIN,1990,,,6.43,40.7,15.51,175.0,33.78,86534.96,89.3,518.0,96906.75,6041094.0,Sub-Saharan Africa,Low income,0.016041258421074064,0.014324385616247654,Guinea,2015,1.24,2.39,30.96,79.29,10.62,,,105240.5,76.27,,137987.05,12091533.0,Sub-Saharan Africa,Low income,0.01141187391210031,0.008703652382208278
Guinea-Bissau,GNB,1990,,,0.01,19.22,12.63,0.0,0.0,16129.96,88.58,40.0,18209.56,1012280.0,Sub-Saharan Africa,Low income,0.017988659264235193,0.015934286956178132,Guinea-Bissau,2015,1.46,,14.0,29.31,12.02,,,23673.55,86.85,,27257.41,1770526.0,Sub-Saharan Africa,Low income,0.015395091628137627,0.013370913502541052
Guyana,GUY,1990,,61.0,68.21,85.38,11.58,5.0,1.6,8810.18,42.23,312.0,20860.42,743309.0,Latin America & Caribbean,Upper middle income,0.028064263987117064,0.011852648091170698,Guyana,2015,72.59,81.02,83.57,89.93,6.36,,,6723.65,25.26,,26619.1,768514.0,Latin America & Caribbean,Upper middle income,0.03463710485430324,0.008748897222431861
Haiti,HTI,1990,,10.28,28.0,72.44,4.39,474.0,79.4,41711.8,81.12,597.0,51420.14,7099732.0,Latin America & Caribbean,Low income,0.007242546620069602,0.005875123173663457,Haiti,2015,4.27,,38.22,65.58,10.11,,,103983.6,76.07,,136690.65,10711061.0,Latin America & Caribbean,Low income,0.012761634911798186,0.009708057866536285
High income,HIC,1990,,,,,,,,,,,,997353719.0,,,,,High income,2015,,,,,,,,,,,,1182932407.0,,,,
High income: nonOECD,NOC,1990,,,,,,,,,,,,,,,,,High income: nonOECD,2015,,,,,,,,,,,,,,,,
High income: OECD,OEC,1990,,,,,,,,,,,,,,,,,High income: OECD,2015,,,,,,,,,,,,,,,,
Honduras,HND,1990,,30.25,54.74,90.78,6.34,2279.0,98.28,68536.86,70.13,2319.0,97729.58,4955328.0,Latin America & Caribbean,Lower middle income,0.01972212132072791,0.0138309431787361,Honduras,2015,51.87,78.31,89.98,98.9,6.15,,,102277.9,51.54,,198453.69,8960829.0,Latin America & Caribbean,Lower middle income,0.022146800256985153,0.01141388815699976
"Hong Kong SAR, China",HKG,1990,,100.0,100.0,100.0,2.34,0.0,0.0,2278.67,1.07,28938.0,212194.69,5704500.0,East Asia & Pacific,High income,0.037197771934437726,0.0003994513103690069,"Hong Kong SAR, China",2015,,,100.0,100.0,1.49,,,3173.74,0.85,,372163.06,7291300.0,East Asia & Pacific,High income,0.05104207205848065,0.00043527765967660086
Hungary,HUN,1990,,100.0,100.0,100.0,6.84,195.0,0.69,30597.28,3.86,28436.0,793360.17,10373988.0,Europe & Central Asia,High income,0.07647590974656998,0.002949423114813705,Hungary,2015,100.0,100.0,100.0,100.0,4.32,,,110073.3,15.56,,707440.96,9843028.0,Europe & Central Asia,High income,0.07187228970597259,0.011182869742928701
Iceland,ISL,1990,,100.0,100.0,100.0,12.99,4504.0,99.87,30460.41,54.67,4510.0,55714.67,254826.0,Europe & Central Asia,High income,0.21863809030475698,0.1195341527159709,Iceland,2015,100.0,100.0,100.0,100.0,16.56,,,91392.87,77.03,,118646.29,330815.0,Europe & Central Asia,High income,0.3586484591085652,0.2762657981046808
India,IND,1990,,29.74,43.29,82.78,8.29,71688.0,24.49,5645860.0,58.65,292732.0,9625890.64,870133480.0,South Asia,Lower middle income,0.011062544840821434,0.00648849875308786,India,2015,39.88,83.2,88.0,97.5,4.73,,,8011645.0,36.02,,22241457.76,1309053980.0,South Asia,Lower middle income,0.01699048175232621,0.006120179245778696
Indonesia,IDN,1990,,48.43,61.7,91.81,5.08,6833.0,20.92,1779394.0,58.6,32667.0,3036636.47,181436821.0,East Asia & Pacific,Lower middle income,0.016736605355315393,0.009807237528704275,Indonesia,2015,56.49,95.23,97.54,99.83,3.53,,,2402254.0,36.88,,6513819.04,258162113.0,East Asia & Pacific,Lower middle income,0.02523150653016231,0.009305215130463392
"Iran, Islamic Rep.",IRN,1990,,90.29,95.58,99.68,5.08,6083.0,10.29,25078.52,1.24,59102.0,2025140.38,56226185.0,Middle East & North Africa,Upper middle income,0.0360177447571803,0.00044602919440470666,"Iran, Islamic Rep.",2015,98.42,99.91,99.98,100.0,7.79,,,59942.46,0.91,,6565402.85,79360487.0,Middle East & North Africa,Upper middle income,0.08272886291637802,0.0007553187016102862
Iraq,IRQ,1990,,84.75,93.48,97.27,4.17,2600.0,10.83,9439.94,1.6,24000.0,591353.76,17469005.0,Middle East & North Africa,Upper middle income,0.03385159944713508,0.0005403822369963258,Iraq,2015,97.39,99.55,99.86,100.0,3.72,,,5867.22,0.8,,734476.59,36115649.0,Middle East & North Africa,Upper middle income,0.020336796107415928,0.00016245644651159393
Ireland,IRL,1990,,100.0,100.0,100.0,5.55,697.0,4.9,6605.38,2.28,14229.0,289737.66,3513974.0,Europe & Central Asia,High income,0.08245298912285634,0.0018797464067747797,Ireland,2015,100.0,100.0,100.0,100.0,1.95,,,39051.66,9.08,,430018.11,4646554.0,Europe & Central Asia,High income,0.09254559615577479,0.008404434770369612
Isle of Man,IMN,1990,,100.0,100.0,100.0,,,,0.0,,,0.0,68429.0,Europe & Central Asia,High income,0.0,0.0,Isle of Man,2015,,100.0,100.0,100.0,,,,95.54,4.21,,2270.7,83167.0,Europe & Central Asia,High income,0.027302896581576825,0.0011487729508098165
Israel,ISR,1990,,100.0,100.0,100.0,5.2,3.0,0.01,15129.48,5.8,20898.0,260842.08,4660000.0,Middle East & North Africa,High income,0.055974695278969956,0.0032466695278969954,Israel,2015,100.0,100.0,100.0,100.0,3.59,,,18987.48,3.71,,512100.15,8380100.0,Middle East & North Africa,High income,0.061109073877400034,0.002265782031240677
Italy,ITA,1990,,100.0,100.0,100.0,3.52,34905.0,16.38,165473.8,3.78,213147.0,4375919.56,56719240.0,Europe & Central Asia,High income,0.07715053234140654,0.0029174192037834073,Italy,2015,100.0,100.0,100.0,100.0,3.07,,,778697.1,16.52,,4714561.63,60730582.0,Europe & Central Asia,High income,0.07763076648927883,0.012822157706310141
Jamaica,JAM,1990,,53.2,70.33,82.11,6.6,186.0,7.57,6172.3,7.63,2458.0,80859.54,2424242.0,Latin America & Caribbean,Upper middle income,0.033354566087049065,0.0025460741955629844,Jamaica,2015,89.89,93.98,97.28,100.0,5.21,,,13776.31,16.77,,82139.2,2871934.0,Latin America & Caribbean,Upper middle income,0.028600657257443936,0.004796875554939633
Japan,JPN,1990,,100.0,100.0,100.0,5.03,98204.0,11.25,482598.1,4.55,872557.0,10605003.96,123537000.0,East Asia & Pacific,High income,0.08584475873624907,0.003906506552692715,Japan,2015,100.0,100.0,100.0,100.0,3.74,,,664986.9,6.3,,10559777.56,127141000.0,East Asia & Pacific,High income,0.08305564341951063,0.005230310442736804
Jordan,JOR,1990,,90.0,96.8,99.23,6.13,12.0,0.33,2553.46,2.77,3638.0,92337.45,3560582.0,Middle East & North Africa,Lower middle income,0.025933246306362272,0.0007171468035281872,Jordan,2015,99.04,100.0,100.0,99.92,4.64,,,7400.64,3.23,,229180.99,9159302.0,Middle East & North Africa,Lower middle income,0.025021665406381403,0.0008079917006776281
Kazakhstan,KAZ,1990,,95.55,97.72,99.41,13.83,7366.0,8.43,34100.6,1.41,87379.0,2422404.14,16348000.0,Europe & Central Asia,Upper middle income,0.1481774002936139,0.0020859187668216296,Kazakhstan,2015,95.07,100.0,100.0,100.0,7.92,,,24725.24,1.56,,1586534.86,17544126.0,Europe & Central Asia,Upper middle income,0.09043111409482582,0.0014093172837449982
Kenya,KEN,1990,,,3.32,35.9,8.05,3004.0,92.86,239306.3,77.5,3235.0,308766.37,23402507.0,Sub-Saharan Africa,Lower middle income,0.01319373048366143,0.010225669412255703,Kenya,2015,12.76,16.0,41.6,78.1,7.85,,,475941.6,72.66,,655000.79,47236259.0,Sub-Saharan Africa,Lower middle income,0.013866483160743107,0.010075768277923957
Kiribati,KIR,1990,,,31.56,96.59,3.12,0.0,0.0,12.93,5.22,8.0,247.73,72412.0,East Asia & Pacific,Lower middle income,0.0034211180467325856,0.0001785615643815942,Kiribati,2015,4.9,92.35,90.56,88.31,4.14,,,25.75,4.25,,605.36,112407.0,East Asia & Pacific,Lower middle income,0.005385429733023744,0.00022907826025069612
"Korea, Dem. Rep.",PRK,1990,,0.01,0.01,0.01,,15600.0,56.32,81844.39,7.19,27700.0,1138373.21,20293054.0,East Asia & Pacific,Low income,0.056096692493894706,0.004033123353439063,"Korea, Dem. Rep.",2015,10.08,37.45,37.45,37.45,,,,63731.34,23.12,,275615.7,25243917.0,East Asia & Pacific,Low income,0.010918103557383745,0.0025246216742037296
"Korea, Rep.",KOR,1990,,,,,7.51,6362.0,6.04,39753.07,1.63,105371.0,2435929.18,42869283.0,East Asia & Pacific,High income,0.05682225149415259,0.0009273089545257848,"Korea, Rep.",2015,96.68,100.0,100.0,100.0,6.55,,,143837.9,2.71,,5312174.58,51014947.0,East Asia & Pacific,High income,0.10412976769337819,0.002819524638533879
Kosovo,XKX,1990,,,87.69,87.69,,,,0.0,,,0.0,1862000.0,Europe & Central Asia,Lower middle income,0.0,0.0,Kosovo,2015,,,100.0,100.0,,,,11421.65,20.45,,55849.11,1801800.0,Europe & Central Asia,Lower middle income,0.030996287046287048,0.006339022089022089
Kuwait,KWT,1990,,100.0,100.0,100.0,4.8,0.0,0.0,246.39,0.17,18477.0,149110.2,2099615.0,Middle East & North Africa,High income,0.07101787708698977,0.00011735008561093343,Kuwait,2015,100.0,100.0,100.0,100.0,5.32,,,0.0,0.0,,616547.21,3935794.0,Middle East & North Africa,High income,0.1566512906925515,0.0
Kyrgyz Republic,KGZ,1990,,98.79,99.17,99.81,20.54,9986.0,63.48,22919.07,7.93,15732.0,289101.14,4391200.0,Europe & Central Asia,Lower middle income,0.06583647750045546,0.005219318181818182,Kyrgyz Republic,2015,79.98,99.86,99.91,100.0,8.64,,,32594.68,23.31,,139850.38,5956900.0,Europe & Central Asia,Lower middle income,0.023477040071177964,0.005471752085816448
Lao PDR,LAO,1990,,0.7,15.3,95.28,8.05,833.49,94.88,51638.8,88.45,878.49,58385.15,4258472.0,East Asia & Pacific,Lower middle income,0.013710351976013932,0.012126133505163355,Lao PDR,2015,5.54,83.04,89.7,97.8,5.17,,,72479.65,59.32,,122192.7,6663967.0,East Asia & Pacific,Lower middle income,0.01833633029695375,0.010876351878693276
Latin America and Caribbean,GLC,1990,,,,,,,,,,,,,,,,,Latin America and Caribbean,2015,,,,,,,,,,,,,,,,
Latvia,LVA,1990,,100.0,100.0,100.0,8.06,4496.0,67.63,46647.23,17.57,6648.0,265498.3,2663151.0,Europe & Central Asia,High income,0.09969329564865079,0.01751580364763395,Latvia,2015,95.05,100.0,100.0,100.0,3.91,,,58759.11,38.1,,154231.41,1977527.0,Europe & Central Asia,High income,0.07799206281380734,0.02971342995569719
Lebanon,LBN,1990,,100.0,97.91,97.47,3.91,500.0,33.33,5392.61,11.34,1500.0,47546.85,2703016.0,Middle East & North Africa,Upper middle income,0.01759029543295341,0.001995034435608224,Lebanon,2015,,100.0,100.0,100.0,4.18,,,7378.81,3.65,,202341.14,5851479.0,Middle East & North Africa,Upper middle income,0.03457948665627955,0.0012610162319646025
Lesotho,LSO,1990,,0.01,0.01,0.01,17.43,,,17780.3,52.03,,34174.5,1603938.0,Sub-Saharan Africa,Lower middle income,0.02130662157764203,0.011085403550511304,Lesotho,2015,34.74,14.84,27.92,62.73,9.72,,,29038.03,52.14,,55693.27,2174645.0,Sub-Saharan Africa,Lower middle income,0.025610281218313793,0.013352997845625377
Liberia,LBR,1990,,0.01,0.01,0.01,20.69,0.0,0.0,28999.05,88.82,320.0,32650.25,2097232.0,Sub-Saharan Africa,Low income,0.015568258542688649,0.013827297123065069,Liberia,2015,0.7,4.57,13.84,23.22,25.99,,,68916.25,83.85,,82192.82,4499621.0,Sub-Saharan Africa,Low income,0.01826660956556119,0.01531601217080283
Libya,LBY,1990,,99.32,99.84,100.0,4.65,0.0,0.0,5235.01,3.13,10169.0,167289.58,4436661.0,Middle East & North Africa,Upper middle income,0.03770618940685348,0.0011799436558258564,Libya,2015,,96.44,98.53,99.1,4.21,,,6350.79,1.97,,322939.9,6234955.0,Middle East & North Africa,Upper middle income,0.05179506508066217,0.001018578321736083
Liechtenstein,LIE,1990,,100.0,100.0,100.0,,,,0.0,,,0.0,28747.0,Europe & Central Asia,High income,0.0,0.0,Liechtenstein,2015,,100.0,100.0,100.0,,,,1814.26,63.13,,2873.64,37403.0,Europe & Central Asia,High income,0.07682913135310002,0.04850573483410422
Lithuania,LTU,1990,,100.0,100.0,100.0,11.27,414.0,1.46,12373.56,3.1,28405.0,399562.32,3697838.0,Europe & Central Asia,High income,0.108052954185662,0.0033461606484654007,Lithuania,2015,100.0,100.0,100.0,100.0,3.86,,,57858.64,28.96,,199779.99,2904910.0,Europe & Central Asia,High income,0.06877321156249247,0.01991753272906906
Low & middle income,LMY,1990,,,,,,,,,,,,4290749497.0,,,,,Low & middle income,2015,,,,,,,,,,,,6174437347.0,,,,
Low income,LIC,1990,,,,,,,,,,,,322686243.0,,,,,Low income,2015,,,,,,,,,,,,641858608.0,,,,
Lower middle income,LMC,1990,,,,,,,,,,,,1927824229.0,,,,,Lower middle income,2015,,,,,,,,,,,,2971878425.0,,,,
Luxembourg,LUX,1990,,100.0,100.0,100.0,6.58,83.0,13.3,1987.09,1.72,624.0,115405.54,381850.0,Europe & Central Asia,High income,0.30222741914364276,0.0052038496791934,Luxembourg,2015,100.0,100.0,100.0,100.0,2.87,,,13392.29,9.03,,148287.29,569604.0,Europe & Central Asia,High income,0.2603340039746912,0.02351157997485973
"Macao SAR, China",MAC,1990,,,,,1.17,0.0,0.0,59.0,0.66,790.0,8926.1,343935.0,East Asia & Pacific,High income,0.02595286900141015,0.00017154404175207525,"Macao SAR, China",2015,,,100.0,100.0,0.66,,,2406.33,7.05,,34125.7,600942.0,East Asia & Pacific,High income,0.056787011059303553,0.004004263306608624
"Macedonia, FYR",MKD,1990,,95.95,94.34,93.16,5.4,491.0,8.53,1440.62,2.41,5758.0,59771.97,1996228.0,Europe & Central Asia,Upper middle income,0.029942456472907907,0.0007216710716411151,"Macedonia, FYR",2015,64.9,100.0,100.0,100.0,4.23,,,18886.42,24.22,,77984.63,2079308.0,Europe & Central Asia,Upper middle income,0.03750508823127695,0.00908303147008524
Madagascar,MDG,1990,,1.04,9.57,37.23,4.44,341.34,57.65,62747.98,85.65,592.09,73263.25,11598633.0,Sub-Saharan Africa,Low income,0.006316541785570765,0.005409946154861526,Madagascar,2015,0.9,,19.04,66.06,5.37,,,91950.46,70.17,,131031.32,24234088.0,Sub-Saharan Africa,Low income,0.005406901221122908,0.0037942612076014583
Malawi,MWI,1990,,,1.12,17.18,9.14,704.0,98.05,45791.22,84.03,718.0,54493.26,9437553.0,Sub-Saharan Africa,Low income,0.005774087838235187,0.0048520225528799685,Malawi,2015,2.49,3.9,10.8,48.7,4.08,,,50722.96,83.65,,60637.54,17573607.0,Sub-Saharan Africa,Low income,0.003450489134074752,0.0028863146877018474
Malaysia,MYS,1990,,91.83,93.96,96.1,4.8,3989.0,17.33,65569.34,11.98,23016.0,547298.54,18038321.0,East Asia & Pacific,Upper middle income,0.030340880395686498,0.0036350023929610743,Malaysia,2015,96.3,99.99,100.0,100.0,4.68,,,99297.57,5.19,,1911611.66,30723155.0,East Asia & Pacific,Upper middle income,0.062220551893189355,0.0032320108400325427
Maldives,MDV,1990,,64.8,73.09,96.88,2.62,0.0,0.0,84.68,4.46,29.5,1899.28,223215.0,South Asia,Upper middle income,0.00850874717200905,0.00037936518603140474,Maldives,2015,92.88,99.99,99.99,100.0,3.84,,,160.23,1.01,,15870.55,418403.0,South Asia,Upper middle income,0.037931252882986016,0.00038295614515192287
Mali,MLI,1990,,,0.01,2.1,5.69,183.0,74.09,35235.82,88.64,247.0,39752.69,8465188.0,Sub-Saharan Africa,Low income,0.004696019745810726,0.004162437975388142,Mali,2015,0.93,23.4,37.6,83.1,2.83,,,47816.79,61.53,,77716.78,17467905.0,Sub-Saharan Africa,Low income,0.004449118540546219,0.002737408407018472
Malta,MLT,1990,,100.0,100.0,100.0,4.95,0.0,0.0,0.0,0.0,1100.0,10922.61,354170.0,Middle East & North Africa,High income,0.03084002032922043,0.0,Malta,2015,100.0,100.0,100.0,100.0,1.81,,,1026.09,5.36,,19161.31,431874.0,Middle East & North Africa,High income,0.04436782487484776,0.0023759013045471593
Marshall Islands,MHL,1990,,,52.44,86.01,,,,0.0,,,0.0,47298.0,East Asia & Pacific,Upper middle income,0.0,0.0,Marshall Islands,2015,64.63,84.22,91.51,94.26,11.35,,,185.63,11.16,,1662.68,52994.0,East Asia & Pacific,Upper middle income,0.03137487262708986,0.003502849379175001
Martinique,MTQ,1990,,,,,,0.0,0.0,205.53,2.13,747.0,9634.73,,,,,,Martinique,2015,,,,,,,,438.4,2.45,,17907.11,,,,,
Mauritania,MRT,1990,,,3.89,21.71,4.01,25.0,10.6,8389.6,47.0,235.8,17850.31,2030140.0,Sub-Saharan Africa,Lower middle income,0.008792649767996296,0.004132522880195454,Mauritania,2015,45.66,,39.5,78.67,3.59,,,13415.19,32.16,,41714.45,4182341.0,Sub-Saharan Africa,Lower middle income,0.009973947604941824,0.0032075792002612892
Mauritius,MUS,1990,,98.64,99.23,100.0,3.48,243.0,31.15,10430.93,47.07,780.0,22161.49,1058775.0,Sub-Saharan Africa,Upper middle income,0.020931255460319712,0.00985188543363793,Mauritius,2015,93.11,100.0,98.74,92.37,2.55,,,3862.12,11.54,,33474.93,1262605.0,Sub-Saharan Africa,Upper middle income,0.02651259103203298,0.0030588505510432797
Mayotte,MYT,1990,,,,,,0.0,0.0,333.43,33.41,16.0,997.91,,,,,,Mayotte,2015,,,,,,,,332.81,10.24,,3248.99,,,,,
Mexico,MEX,1990,,82.57,94.26,98.94,4.82,28604.0,24.69,447873.5,14.41,115837.0,3107362.28,85357874.0,Latin America & Caribbean,Upper middle income,0.036403932459704885,0.00524700861223418,Mexico,2015,85.15,98.0,99.0,99.3,3.74,,,441721.1,9.22,,4793389.78,125890949.0,Latin America & Caribbean,Upper middle income,0.03807572997165984,0.0035087597917782
"Micronesia, Fed. Sts.",FSM,1990,,17.67,28.04,57.83,,,,0.0,,,0.0,96331.0,East Asia & Pacific,Lower middle income,0.0,0.0,"Micronesia, Fed. Sts.",2015,11.79,68.65,73.55,90.52,6.59,,,19.76,1.2,,1651.82,104433.0,East Asia & Pacific,Lower middle income,0.01581703101510059,0.00018921222219030385
Middle income,MIC,1990,,,,,,,,,,,,3968063254.0,,,,,Middle income,2015,,,,,,,,,,,,5532578739.0,,,,
Moldova,MDA,1990,,94.0,94.92,95.96,17.4,257.0,1.58,3191.15,1.14,16221.0,279690.59,3696000.0,Europe & Central Asia,Lower middle income,0.07567386093073594,0.0008634063852813853,Moldova,2015,91.34,100.0,100.0,100.0,8.39,,,13722.13,14.27,,96135.84,3554108.0,Europe & Central Asia,Lower middle income,0.02704921741263912,0.003860920939937672
Monaco,MCO,1990,,,100.0,100.0,,,,0.0,,,0.0,29439.0,Europe & Central Asia,High income,0.0,0.0,Monaco,2015,100.0,,100.0,100.0,,,,0.0,,,0.0,38307.0,Europe & Central Asia,High income,0.0,0.0
Mongolia,MNG,1990,,25.79,68.11,100.0,12.75,0.0,0.0,2199.45,1.89,3348.0,116211.75,2184145.0,East Asia & Pacific,Lower middle income,0.05320697572734411,0.0010070073186532944,Mongolia,2015,41.32,43.14,81.19,95.96,6.1,,,4468.38,3.43,,130283.42,2976877.0,East Asia & Pacific,Lower middle income,0.043765133729072446,0.0015010294345382763
Montenegro,MNE,1990,,97.59,98.41,99.29,,,,0.0,,,0.0,606372.0,Europe & Central Asia,Upper middle income,0.0,0.0,Montenegro,2015,68.57,100.0,100.0,100.0,4.45,,,11910.79,43.0,,27696.9,622159.0,Europe & Central Asia,Upper middle income,0.04451739828564724,0.01914428626765827
Montserrat,MSR,1990,,,,,,0.0,0.0,0.0,0.0,14.0,284.3,,,,,,Montserrat,2015,,,,,,,,0.0,0.0,,593.27,,,,,
Morocco,MAR,1990,,10.15,48.12,88.61,3.25,1220.0,12.67,44377.22,19.48,9628.0,227779.25,24879136.0,Middle East & North Africa,Lower middle income,0.009155432487687675,0.0017837122639628644,Morocco,2015,96.6,99.56,99.59,99.6,3.15,,,68360.09,11.32,,604023.27,34803322.0,Middle East & North Africa,Lower middle income,0.01735533378106837,0.001964182901850576
Mozambique,MOZ,1990,,0.01,0.01,0.01,49.44,284.0,62.56,185064.8,93.1,454.0,198773.06,13247649.0,Sub-Saharan Africa,Low income,0.015004402667975276,0.01396963340438745,Mozambique,2015,3.62,5.0,24.0,68.0,17.31,,,376700.5,86.4,,435993.38,28010691.0,Sub-Saharan Africa,Low income,0.015565248997248943,0.013448454377651733
Myanmar,MMR,1990,,20.26,35.65,82.91,14.89,1193.0,48.14,354228.8,90.91,2478.0,389659.15,40626250.0,East Asia & Pacific,Lower middle income,0.009591314728777577,0.008719209870465525,Myanmar,2015,16.97,48.9,60.5,90.8,3.12,,,449993.5,61.53,,731366.01,52403669.0,East Asia & Pacific,Lower middle income,0.013956389389452865,0.008587060955598358
Namibia,NAM,1990,,9.02,25.23,67.64,,,,0.0,,,0.0,1414692.0,Sub-Saharan Africa,Upper middle income,0.0,0.0,Namibia,2015,41.32,27.94,50.7,76.72,3.26,,,18868.63,26.47,,71287.3,2425561.0,Sub-Saharan Africa,Upper middle income,0.02939002564767491,0.007779078736836551
Nauru,NRU,1990,,,100.0,96.27,,0.0,0.0,0.0,0.0,29.0,1468.4,9157.0,East Asia & Pacific,Upper middle income,0.16035819591569292,0.0,Nauru,2015,91.16,,99.0,99.0,4.37,,,0.33,0.08,,432.4,12475.0,East Asia & Pacific,Upper middle income,0.03466132264529058,2.645290581162325e-05
Nepal,NPL,1990,,,0.01,75.22,10.79,877.0,99.89,229285.7,95.12,878.0,241049.61,18749406.0,South Asia,Low income,0.012856386490324013,0.012228958080058644,Nepal,2015,26.56,84.87,87.21,97.47,7.42,,,412327.7,85.26,,483589.68,28656282.0,South Asia,Low income,0.01687552069734657,0.01438873682217393
Netherlands,NLD,1990,,100.0,100.0,100.0,5.69,806.0,1.12,21961.12,1.2,71939.0,1827639.52,14951510.0,Europe & Central Asia,High income,0.12223778869157698,0.0014688228814347178,Netherlands,2015,100.0,100.0,100.0,100.0,3.94,,,107380.2,5.89,,1823259.58,16939923.0,Europe & Central Asia,High income,0.1076309248867306,0.006338883594689303
Netherlands Antilles,ANT,1990,,,,,,,,,,,,,,,,,Netherlands Antilles,2015,,,,,,,,,,,,,,,,
New Caledonia,NCL,1990,,,,,,461.0,40.19,1643.68,10.16,1147.0,16181.19,170899.0,East Asia & Pacific,High income,0.09468276584415357,0.009617844457837671,New Caledonia,2015,,100.0,100.0,100.0,,,,1586.18,4.76,,33328.63,272000.0,East Asia & Pacific,High income,0.12253172794117646,0.005831544117647059
New Zealand,NZL,1990,,100.0,100.0,100.0,6.66,25814.0,80.01,114401.5,30.03,32265.0,380949.86,3329800.0,East Asia & Pacific,High income,0.11440622860231846,0.0343568682803772,New Zealand,2015,100.0,100.0,100.0,100.0,5.42,,,163270.9,30.79,,530286.69,4595700.0,East Asia & Pacific,High income,0.11538757751811475,0.035526883826185345
Nicaragua,NIC,1990,,41.27,66.83,90.11,6.75,894.0,61.36,41730.11,68.77,1457.0,60684.27,4144565.0,Latin America & Caribbean,Lower middle income,0.014641891247935548,0.010068634464654313,Nicaragua,2015,51.41,55.98,81.16,98.82,5.43,,,50040.28,48.2,,103807.44,6082035.0,Latin America & Caribbean,Lower middle income,0.01706787941864853,0.008227555415251638
Niger,NER,1990,,,2.29,24.21,6.58,,,0.0,,,0.0,8012861.0,Sub-Saharan Africa,Low income,0.0,0.0,Niger,2015,1.88,7.1,16.6,60.2,6.95,,,89828.49,78.94,,113793.62,19896965.0,Sub-Saharan Africa,Low income,0.0057191446032095845,0.004514683018239214
Nigeria,NGA,1990,,8.6,27.3,82.4,9.6,4387.0,32.59,2166562.0,87.78,13463.0,2468285.95,95269988.0,Sub-Saharan Africa,Lower middle income,0.025908326450088354,0.022741285534747836,Nigeria,2015,4.39,32.8,52.5,81.5,5.68,,,4320767.0,86.64,,4987286.89,181181744.0,Sub-Saharan Africa,Lower middle income,0.027526431636511896,0.02384769516292988
Niue,NIU,1990,,,,,,0.0,0.0,0.33,0.57,2.6,57.77,,,,,,Niue,2015,,,,,,,,16.63,22.37,,74.35,,,,,
Northern America,GNA,1990,,,,,,,,,,,,,,,,,Northern America,2015,,,,,,,,,,,,,,,,
Northern Mariana Islands,MNP,1990,,,,,,,,0.0,,,0.0,42538.0,East Asia & Pacific,High income,0.0,0.0,Northern Mariana Islands,2015,,100.0,100.0,100.0,,,,0.0,0.0,,1203.12,54816.0,East Asia & Pacific,High income,0.02194833625218914,0.0
Norway,NOR,1990,,100.0,100.0,100.0,4.8,121358.0,99.79,386337.2,59.17,121611.0,652886.16,4241473.0,Europe & Central Asia,High income,0.15392910906187546,0.09108562049080592,Norway,2015,100.0,100.0,100.0,100.0,3.75,,,436883.3,57.77,,756219.77,5190239.0,Europe & Central Asia,High income,0.14570037526210258,0.08417402358542642
Not classified,LNX,1990,,,,,,,,,,,,,,,,,Not classified,2015,,,,,,,,,,,,,,,,
Nothern America,NAR,1990,,,,,,,,,,,,,,,,,Nothern America,2015,,,,,,,,,,,,,,,,
Oceania,GCN,1990,,,,,,,,,,,,,,,,,Oceania,2015,,,,,,,,,,,,,,,,
Oceania (not including Australia and New Zealand),GOC,1990,,,,,,,,,,,,,,,,,Oceania (not including Australia and New Zealand),2015,,,,,,,,,,,,,,,,
Oman,OMN,1990,,,,,2.78,0.0,0.0,0.0,0.0,4501.0,76170.91,1812160.0,Middle East & North Africa,High income,0.04203321450644535,0.0,Oman,2015,95.06,100.0,100.0,100.0,6.3,,,0.0,0.0,,753718.83,4199810.0,Middle East & North Africa,High income,0.1794649829397044,0.0
Pakistan,PAK,1990,,45.14,59.94,93.54,5.46,16925.0,44.93,818879.8,57.5,37673.0,1424125.58,107678614.0,South Asia,Lower middle income,0.013225704966819131,0.007604850857385665,Pakistan,2015,42.13,90.37,93.5,98.7,4.42,,,1446248.0,46.48,,3111795.1,189380513.0,South Asia,Lower middle income,0.016431442975339286,0.007636730818233658
Palau,PLW,1990,,93.08,97.47,99.39,,0.0,,0.0,,0.0,0.0,15088.0,East Asia & Pacific,High income,0.0,0.0,Palau,2015,86.39,96.74,99.16,99.52,10.24,,,0.0,0.0,,2291.5,21288.0,East Asia & Pacific,High income,0.10764280345734686,0.0
Panama,PAN,1990,,43.49,70.19,95.56,3.28,2269.0,85.27,22418.5,43.59,2661.0,51431.03,2471009.0,Latin America & Caribbean,Upper middle income,0.020813776882237175,0.009072609610082358,Panama,2015,88.47,79.27,92.55,99.22,2.17,,,30721.63,21.23,,144680.27,3969249.0,Latin America & Caribbean,Upper middle income,0.03645028820313364,0.007739909993049063
Papua New Guinea,PNG,1990,,,5.11,57.58,13.19,460.0,25.7,57279.27,71.7,1790.0,79886.95,4313059.0,East Asia & Pacific,Lower middle income,0.018522109250070543,0.013280428113781889,Papua New Guinea,2015,12.85,14.73,22.19,72.06,9.28,,,60749.46,52.5,,115716.23,7919825.0,East Asia & Pacific,Lower middle income,0.014610957944146493,0.007670555851928547
Paraguay,PRY,1990,,65.6,80.42,96.04,5.06,27178.0,99.97,95868.56,78.51,27185.0,122115.52,4213742.0,Latin America & Caribbean,Upper middle income,0.02898030301807752,0.02275140718155027,Paraguay,2015,65.0,98.59,99.33,99.82,3.95,,,126351.8,61.68,,204860.5,6639119.0,Latin America & Caribbean,Upper middle income,0.030856579012968437,0.0190314106434905
Peru,PER,1990,,,60.22,89.73,3.55,10605.0,76.8,139992.8,39.43,13808.0,355078.91,21826658.0,Latin America & Caribbean,Upper middle income,0.016268130008726026,0.006413844941355658,Peru,2015,73.87,77.92,93.85,98.87,2.79,,,188380.4,25.5,,738633.54,31376671.0,Latin America & Caribbean,Upper middle income,0.02354085109921317,0.006003836417190338
Philippines,PHL,1990,,40.15,62.11,85.35,4.84,11959.0,45.42,414293.0,50.95,26327.0,813191.19,61947348.0,East Asia & Pacific,Lower middle income,0.01312713483715235,0.006687824634559013,Philippines,2015,43.21,85.12,89.08,95.91,3.12,,,328178.1,27.45,,1195481.37,101716359.0,East Asia & Pacific,Lower middle income,0.011753088507621474,0.0032264043190928606
Poland,POL,1990,,100.0,100.0,100.0,11.17,1472.0,1.1,59932.79,2.5,134415.0,2395888.6,38110782.0,Europe & Central Asia,High income,0.06286642451996918,0.0015725940758707078,Poland,2015,100.0,100.0,100.0,100.0,4.14,,,302285.7,11.91,,2537766.02,37986412.0,Europe & Central Asia,High income,0.06680720516588932,0.007957732359665872
Portugal,PRT,1990,,100.0,100.0,100.0,3.47,9852.0,34.75,127314.6,26.94,28355.0,472507.26,9983218.0,Europe & Central Asia,High income,0.04733015546690456,0.012752861852761305,Portugal,2015,100.0,100.0,100.0,100.0,3.34,,,169816.1,27.16,,625305.57,10358076.0,Europe & Central Asia,High income,0.06036889186756304,0.016394560148042938
Puerto Rico,PRI,1990,,,,,0.01,280.0,1.75,901.09,1.75,16028.0,51580.8,3537000.0,Latin America & Caribbean,High income,0.01458320610687023,0.00025476109697483744,Puerto Rico,2015,,100.0,100.0,100.0,0.41,,,1156.6,1.84,,62946.0,3473181.0,Latin America & Caribbean,High income,0.018123443609762924,0.000333008846933114
Qatar,QAT,1990,,100.0,100.0,100.0,8.03,0.0,0.0,0.0,0.0,4818.0,94356.07,476445.0,Middle East & North Africa,High income,0.19804189360786661,0.0,Qatar,2015,98.44,100.0,100.0,100.0,6.4,,,0.0,0.0,,578356.14,2481539.0,Middle East & North Africa,High income,0.23306349003582053,0.0
Reunion,REU,1990,,,,,,549.0,60.66,7150.9,37.52,905.0,19060.68,,,,,,Reunion,2015,,,,,,,,6967.79,17.49,,39849.13,,,,,
Romania,ROU,1990,,100.0,100.0,100.0,10.05,11411.0,17.74,59291.64,3.36,64309.0,1766858.66,23201835.0,Europe & Central Asia,Upper middle income,0.07615167765825419,0.0025554720133127403,Romania,2015,85.33,100.0,100.0,100.0,3.52,,,211769.1,23.7,,893623.68,19815481.0,Europe & Central Asia,Upper middle income,0.045097248964080155,0.010687053218642535
Russian Federation,RUS,1990,,100.0,100.0,100.0,12.03,165982.0,15.34,918632.8,3.75,1082152.0,24484213.01,148292000.0,Europe & Central Asia,Upper middle income,0.16510811783508214,0.0061947562916408174,Russian Federation,2015,98.15,100.0,100.0,100.0,8.41,,,522370.1,3.3,,15809140.43,144096870.0,Europe & Central Asia,Upper middle income,0.10971189332564961,0.0036251314827310263
Rwanda,RWA,1990,,,0.01,13.9,5.73,167.0,97.66,27900.6,80.09,171.0,34837.62,7235798.0,Sub-Saharan Africa,Low income,0.004814620308637693,0.003855911953318763,Rwanda,2015,0.56,12.4,22.8,72.9,4.88,,,68929.6,86.66,,79544.52,11629553.0,Sub-Saharan Africa,Low income,0.0068398604830297435,0.005927106570648073
Saint Pierre et Miquelon,SPM,1990,,,,,,0.0,0.0,0.0,0.0,43.0,451.2,,,,,,Saint Pierre et Miquelon,2015,,,,,,,,8.3,1.12,,738.74,,,,,
Samoa,WSM,1990,,72.49,77.84,97.75,4.34,20.0,40.0,1062.62,46.2,50.0,2299.82,162866.0,East Asia & Pacific,Upper middle income,0.014120933773777216,0.006524504807633268,Samoa,2015,31.53,100.0,99.94,99.61,5.21,,,1423.33,34.32,,4146.64,193759.0,East Asia & Pacific,Upper middle income,0.021401018791385177,0.0073458781269515215
San Marino,SMR,1990,,100.0,100.0,100.0,,,,0.0,,,0.0,24043.0,Europe & Central Asia,High income,0.0,0.0,San Marino,2015,100.0,100.0,100.0,100.0,,,,0.0,,,0.0,32960.0,Europe & Central Asia,High income,0.0,0.0
Sao Tome and Principe,STP,1990,,30.66,42.76,58.37,5.71,8.0,53.33,605.18,50.93,15.0,1188.28,113893.0,Sub-Saharan Africa,Lower middle income,0.010433301432045867,0.005313583802340793,Sao Tome and Principe,2015,17.88,49.91,64.51,72.34,4.66,,,802.7,41.06,,1955.12,195553.0,Sub-Saharan Africa,Lower middle income,0.00999790338169192,0.004104769550965723
Saudi Arabia,SAU,1990,,,,,4.2,0.0,0.0,512.8,0.04,69208.0,1350016.16,16326815.0,Middle East & North Africa,High income,0.0826870494949566,3.1408452904010974e-05,Saudi Arabia,2015,95.99,100.0,100.0,100.0,5.8,,,285.31,0.01,,4773763.69,31557144.0,Middle East & North Africa,High income,0.15127362888099127,9.04105897542566e-06
Senegal,SEN,1990,,8.88,25.13,50.66,5.04,44.0,4.66,24822.53,55.55,945.0,44684.21,7555617.0,Sub-Saharan Africa,Low income,0.005914038522598485,0.0032853081356558965,Senegal,2015,31.82,31.8,60.5,86.9,4.98,,,48778.32,42.71,,114203.51,14976994.0,Sub-Saharan Africa,Low income,0.0076252624525321964,0.003256883190311754
Serbia,SRB,1990,,99.73,99.27,98.82,7.23,9471.0,23.13,75874.21,15.49,40948.0,489774.79,7586000.0,Europe & Central Asia,Upper middle income,0.06456298312681255,0.010001873187450567,Serbia,2015,75.02,99.96,99.98,100.0,6.56,,,69936.12,21.17,,330294.22,7095383.0,Europe & Central Asia,Upper middle income,0.04655058366828119,0.009856567291716316
Seychelles,SYC,1990,,79.4,89.55,100.0,2.23,0.0,0.0,53.53,4.25,101.0,1260.03,69507.0,Sub-Saharan Africa,High income,0.018128102205533254,0.0007701382594558822,Seychelles,2015,90.23,99.84,99.68,99.54,2.64,,,57.87,1.35,,4277.61,93419.0,Sub-Saharan Africa,High income,0.04578950748777015,0.0006194671319538852
Sierra Leone,SLE,1990,,3.27,7.08,14.73,9.32,0.0,0.0,38107.18,91.28,224.0,41746.58,4312246.0,Sub-Saharan Africa,Low income,0.009680936569945222,0.008836968020841112,Sierra Leone,2015,0.93,,16.47,43.43,7.0,,,42555.34,77.66,,54796.59,7237025.0,Sub-Saharan Africa,Low income,0.00757170107882728,0.005880225645206421
Singapore,SGP,1990,,,100.0,100.0,4.62,85.0,0.54,252.44,0.19,15714.0,129564.84,3047132.0,East Asia & Pacific,High income,0.04252025839379456,8.284511468489058e-05,Singapore,2015,100.0,,100.0,100.0,2.39,,,3115.2,0.71,,439604.83,5535002.0,East Asia & Pacific,High income,0.07942270481564415,0.0005628182248172629
Sint Maarten (Dutch part),SXM,1990,,,100.0,100.0,,,,0.0,,,0.0,,Latin America & Caribbean,High income,,,Sint Maarten (Dutch part),2015,,,100.0,100.0,,,,3.86,0.05,,8338.36,38824.0,Latin America & Caribbean,High income,0.21477333608077478,9.942303729651761e-05
Slovak Republic,SVK,1990,,100.0,100.0,100.0,11.83,1880.0,7.37,13179.85,2.23,25497.0,592263.39,5299187.0,Europe & Central Asia,High income,0.11176495375611391,0.0024871456697036737,Slovak Republic,2015,96.72,100.0,100.0,100.0,4.48,,,50516.66,13.41,,376732.24,5423801.0,Europe & Central Asia,High income,0.06945908229302661,0.009313885225508828
Slovenia,SVN,1990,,100.0,100.0,100.0,6.4,2950.0,23.71,19050.2,12.35,12444.0,154228.27,1998161.0,Europe & Central Asia,High income,0.0771851067056158,0.009533866390145739,Slovenia,2015,95.99,100.0,100.0,100.0,4.58,,,40762.94,20.88,,195249.16,2063531.0,Europe & Central Asia,High income,0.0946189613822133,0.019753975103839003
Solomon Islands,SLB,1990,,,0.01,52.52,9.4,0.0,0.0,2776.66,59.01,57.0,4705.06,311840.0,East Asia & Pacific,Lower middle income,0.01508805797845049,0.008904117496151873,Solomon Islands,2015,8.36,52.6,55.1,67.6,5.02,,,3214.94,63.31,,5078.3,587482.0,East Asia & Pacific,Lower middle income,0.008644179736570654,0.005472405963076315
Somalia,SOM,1990,,0.01,0.01,0.01,23.57,0.0,0.0,47967.04,87.2,262.0,55006.04,7397347.0,Sub-Saharan Africa,Low income,0.007435914524491011,0.006484357162101494,Somalia,2015,2.12,10.84,28.29,54.96,,,,98912.04,94.29,,104906.43,13908129.0,Sub-Saharan Africa,Low income,0.007542813990293015,0.007111814968066517
South Africa,ZAF,1990,,35.11,59.34,81.67,10.44,1010.0,0.61,326004.7,16.63,165385.0,1960597.76,37560525.0,Sub-Saharan Africa,Upper middle income,0.052198358782258765,0.008679450034311288,South Africa,2015,83.64,72.85,85.5,92.37,8.7,,,504710.1,17.15,,2942891.8,55291225.0,Sub-Saharan Africa,Upper middle income,0.053225295695655137,0.009128213382865001
South Eastern Asia,GSE,1990,,,,,,,,,,,,,,,,,South Eastern Asia,2015,,,,,,,,,,,,,,,,
South Sudan,SSD,1990,,0.01,0.01,0.01,,,,0.0,,,0.0,5768481.0,Sub-Saharan Africa,Low income,0.0,0.0,South Sudan,2015,0.63,5.06,7.94,20.36,1.09,,,6898.05,39.07,,17653.64,11882136.0,Sub-Saharan Africa,Low income,0.001485729501833677,0.0005805395595539388
Southern Asia,GSA,1990,,,,,,,,,,,,,,,,,Southern Asia,2015,,,,,,,,,,,,,,,,
Spain,ESP,1990,,100.0,100.0,100.0,4.03,26032.0,17.22,241808.9,10.54,151206.0,2293237.97,38867322.0,Europe & Central Asia,High income,0.05900169736417652,0.006221393385425422,Spain,2015,100.0,100.0,100.0,100.0,3.33,,,513540.8,16.25,,3159454.36,46444832.0,Europe & Central Asia,High income,0.06802596163982248,0.011057006299430688
Sri Lanka,LKA,1990,,46.9,52.94,79.4,3.69,3145.0,99.84,172399.1,78.09,3150.0,220777.54,17329713.0,South Asia,Lower middle income,0.01273982667802981,0.009948179753467354,Sri Lanka,2015,25.44,92.59,93.89,99.69,2.06,,,219348.0,52.88,,414835.55,20966000.0,South Asia,Lower middle income,0.019786108461318324,0.010462081465229419
St. Helena,SHN,1990,,,,,,0.0,0.0,9.14,15.07,5.0,60.64,,,,,,St. Helena,2015,,,,,,,,12.41,12.6,,98.5,,,,,
St. Kitts and Nevis,KNA,1990,,82.08,87.54,97.86,3.69,0.0,0.0,633.21,40.03,82.4,1581.75,40834.0,Latin America & Caribbean,High income,0.03873610226771808,0.015506930499093893,St. Kitts and Nevis,2015,100.0,99.9,99.93,99.99,2.56,,,30.47,1.64,,1855.61,54288.0,Latin America & Caribbean,High income,0.03418085027998821,0.0005612658414382553
St. Lucia,LCA,1990,,78.65,83.72,95.94,2.24,0.0,0.0,77.36,5.47,104.0,1414.96,138185.0,Latin America & Caribbean,Upper middle income,0.010239606324854362,0.0005598292144588776,St. Lucia,2015,96.97,97.67,97.16,94.91,3.19,,,81.32,2.13,,3812.98,177206.0,Latin America & Caribbean,Upper middle income,0.02151721724998025,0.0004589009401487534
St. Martin (French part),MAF,1990,,,41.98,69.97,,,,0.0,,,0.0,30036.0,Latin America & Caribbean,High income,0.0,0.0,St. Martin (French part),2015,,,70.76,88.98,,,,0.0,,,0.0,31754.0,Latin America & Caribbean,High income,0.0,0.0
St. Vincent and the Grenadines,VCT,1990,,56.38,66.05,79.74,2.19,24.0,47.06,153.92,15.44,51.0,996.89,107505.0,Latin America & Caribbean,Upper middle income,0.009272964048183806,0.0014317473605878796,St. Vincent and the Grenadines,2015,95.9,100.0,99.46,96.56,2.93,,,140.99,5.81,,2427.77,109455.0,Latin America & Caribbean,Upper middle income,0.02218053081174912,0.0012881092686492168
Sub-Saharan Africa,GSS,1990,,,,,,,,,,,,,,,,,Sub-Saharan Africa,2015,,,,,,,,,,,,,,,,
Sudan,SDN,1990,,13.2,32.8,66.1,9.85,958.0,63.23,182666.2,73.27,1515.0,249317.03,20147590.0,Sub-Saharan Africa,Lower middle income,0.012374533629084174,0.009066404468226721,Sudan,2015,38.95,21.72,38.01,69.91,3.96,,,268611.1,61.6,,436080.01,38647803.0,Sub-Saharan Africa,Lower middle income,0.011283435956243102,0.006950229486524758
Suriname,SUR,1990,,100.0,100.0,99.64,5.11,,,0.0,,,0.0,407472.0,Latin America & Caribbean,Upper middle income,0.0,0.0,Suriname,2015,89.26,70.84,87.74,96.43,3.39,,,6266.81,24.91,,25154.67,553208.0,Latin America & Caribbean,Upper middle income,0.04547054634061691,0.011328126129773974
Swaziland,SWZ,1990,,,0.01,31.7,3.65,154.0,42.31,13530.19,85.25,364.0,15871.99,861373.0,Sub-Saharan Africa,Lower middle income,0.01842638438864464,0.01570770154160857,Swaziland,2015,48.52,58.18,62.99,80.78,4.61,,,23521.78,66.1,,35582.64,1319011.0,Sub-Saharan Africa,Lower middle income,0.026976757585797238,0.01783289146186044
Sweden,SWE,1990,,100.0,100.0,100.0,7.47,74452.0,51.0,430487.0,34.06,145984.0,1263833.9,8558835.0,Europe & Central Asia,High income,0.14766424402386538,0.05029738276295781,Sweden,2015,100.0,100.0,100.0,100.0,4.27,,,679811.9,53.25,,1276695.54,9799186.0,Europe & Central Asia,High income,0.13028587680650208,0.06937432354075125
Switzerland,CHE,1990,,100.0,100.0,100.0,3.26,30236.0,54.98,127292.1,17.12,54992.0,743358.85,6715519.0,Europe & Central Asia,High income,0.11069268808561185,0.018954916217197807,Switzerland,2015,100.0,100.0,100.0,100.0,2.19,,,195365.5,25.29,,772440.4,8282396.0,Europe & Central Asia,High income,0.09326291570700074,0.023588041431489147
Syrian Arab Republic,SYR,1990,,64.62,80.55,97.17,9.61,2728.0,23.49,7085.72,2.36,11611.0,300240.12,12446171.0,Middle East & North Africa,Lower middle income,0.024123091350745543,0.0005693092277134871,Syrian Arab Republic,2015,99.05,99.14,99.64,100.0,4.03,,,1299.0,0.52,,249253.98,18734987.0,Middle East & North Africa,Lower middle income,0.013304198182790307,6.933551648581341e-05
"Taiwan, China",TWN,1990,,,,,,6384.0,7.22,20688.79,1.94,88398.0,1064710.57,,,,,,"Taiwan, China",2015,,,,,,,,41598.43,2.12,,1966531.08,,,,,
Tajikistan,TJK,1990,,95.41,96.6,99.19,11.54,16500.0,90.93,58101.08,29.64,18146.0,196037.41,5283728.0,Europe & Central Asia,Lower middle income,0.03710210101655498,0.010996228420539437,Tajikistan,2015,78.55,100.0,100.0,100.0,5.01,,,44129.53,44.66,,98813.96,8548651.0,Europe & Central Asia,Lower middle income,0.011559012059329596,0.0051621630126203535
Tanzania,TZA,1990,,,2.48,20.6,11.18,1549.0,95.15,346426.6,94.78,1628.0,365487.08,25459604.0,Sub-Saharan Africa,Low income,0.014355568138451801,0.01360691234631929,Tanzania,2015,2.15,9.0,18.5,51.9,8.34,,,804531.9,85.71,,938634.17,53879957.0,Sub-Saharan Africa,Low income,0.017420841111658647,0.014931932852136464
Thailand,THA,1990,,65.99,75.9,99.66,4.67,4976.0,11.26,400604.3,33.64,44176.0,1190887.78,56582821.0,East Asia & Pacific,Upper middle income,0.021046808182292643,0.0070799633690939515,Thailand,2015,74.33,99.5,99.6,99.7,5.41,,,722010.9,22.86,,3157978.77,68657600.0,East Asia & Pacific,Upper middle income,0.0459960553529398,0.010516110379622941
Timor-Leste,TLS,1990,,,0.01,59.43,,,,0.0,,,0.0,751933.0,East Asia & Pacific,Lower middle income,0.0,0.0,Timor-Leste,2015,6.53,56.03,67.28,90.37,,,,886.1,18.22,,4862.32,1240977.0,East Asia & Pacific,Lower middle income,0.003918138692336763,0.000714034184356358
Togo,TGO,1990,,,0.01,17.96,10.34,95.0,60.13,27894.39,78.7,158.0,35443.31,3786940.0,Sub-Saharan Africa,Low income,0.009359353462162061,0.0073659445356937265,Togo,2015,6.24,18.61,45.03,84.72,14.34,,,65965.75,71.26,,92564.45,7416802.0,Sub-Saharan Africa,Low income,0.01248037226826333,0.00889409613469525
Tonga,TON,1990,,72.44,77.8,96.04,3.26,0.0,0.0,14.28,1.49,24.0,960.58,95153.0,East Asia & Pacific,Upper middle income,0.010095109980767817,0.00015007409120048763,Tonga,2015,58.85,95.52,96.18,98.29,3.03,,,23.76,1.88,,1264.11,106364.0,East Asia & Pacific,Upper middle income,0.011884754240156442,0.00022338385167913958
Trinidad and Tobago,TTO,1990,,81.17,82.7,99.07,16.92,31.0,0.87,744.29,1.19,3577.0,62386.54,1221900.0,Latin America & Caribbean,High income,0.05105699320730011,0.0006091251329896063,Trinidad and Tobago,2015,99.27,100.0,100.0,100.0,19.09,,,488.52,0.28,,171888.07,1360092.0,Latin America & Caribbean,High income,0.12637973754716594,0.00035918158477514755
Tunisia,TUN,1990,,71.97,87.99,99.62,4.46,46.0,0.79,22049.9,14.48,5811.0,152275.8,8232797.0,Middle East & North Africa,Lower middle income,0.018496241313857246,0.002678299975087446,Tunisia,2015,99.03,100.0,100.0,100.0,3.78,,,39988.56,12.56,,318320.69,11273661.0,Middle East & North Africa,Lower middle income,0.028235786937357794,0.0035470784512679596
Turkey,TUR,1990,,80.86,88.78,94.24,3.83,23228.0,40.37,383425.3,24.51,57543.0,1564313.12,53921699.0,Europe & Central Asia,Upper middle income,0.029010827718911454,0.007110779280155842,Turkey,2015,,100.0,100.0,100.0,2.95,,,485424.7,13.37,,3629552.49,78271472.0,Europe & Central Asia,Upper middle income,0.04637133296790433,0.006201808750958459
Turkmenistan,TKM,1990,,98.09,98.61,99.25,23.94,700.0,4.79,1450.86,0.28,14610.0,522675.46,3683966.0,Europe & Central Asia,Upper middle income,0.14187847010531585,0.00039383099626869516,Turkmenistan,2015,99.27,100.0,100.0,100.0,13.86,,,307.98,0.04,,753232.87,5565284.0,Europe & Central Asia,Upper middle income,0.13534491141871646,5.533949390543232e-05
Turks and Caicos Islands,TCA,1990,,56.0,88.7,99.99,,0.0,0.0,4.06,1.79,20.0,226.56,11552.0,Latin America & Caribbean,High income,0.01961218836565097,0.00035145429362880883,Turks and Caicos Islands,2015,,41.54,95.43,100.0,,,,6.78,0.57,,1185.42,34339.0,Latin America & Caribbean,High income,0.03452109845947757,0.00019744314045254667
Tuvalu,TUV,1990,,89.37,90.7,92.64,3.45,0.0,0.0,0.0,0.0,2.0,46.42,9003.0,East Asia & Pacific,Upper middle income,0.005156059091413973,0.0,Tuvalu,2015,48.5,97.78,99.03,99.88,3.91,,,0.0,0.0,,88.27,11001.0,East Asia & Pacific,Upper middle income,0.008023816016725752,0.0
Uganda,UGA,1990,,,1.27,33.47,20.88,769.0,99.35,255238.5,96.02,774.0,265822.18,17438907.0,Sub-Saharan Africa,Low income,0.01524305278994836,0.014636152368952939,Uganda,2015,0.76,9.0,18.5,51.9,9.64,,,471009.0,89.06,,528879.24,40144870.0,Sub-Saharan Africa,Low income,0.013174267098137321,0.011732731977958828
Ukraine,UKR,1990,,96.73,98.0,98.64,19.38,10514.0,3.52,39110.84,0.65,298626.0,6015914.24,51892000.0,Europe & Central Asia,Lower middle income,0.11593143914283513,0.0007536969089647729,Ukraine,2015,95.49,100.0,100.0,100.0,11.79,,,82440.89,4.14,,1989251.05,45154029.0,Europe & Central Asia,Lower middle income,0.04405478523300767,0.0018257704091034711
United Arab Emirates,ARE,1990,,100.0,100.0,100.0,4.12,0.0,0.0,0.0,0.0,17080.0,656954.14,1860174.0,Middle East & North Africa,High income,0.35316811223036126,0.0,United Arab Emirates,2015,98.63,100.0,100.0,100.0,5.08,,,2869.89,0.14,,2093160.89,9154302.0,Middle East & North Africa,High income,0.22865324849453295,0.00031350178309607875
United Kingdom,GBR,1990,,100.0,100.0,100.0,5.66,5811.0,1.83,34713.48,0.65,317755.0,5331234.61,57247586.0,Europe & Central Asia,High income,0.09312592866361213,0.000606374563985982,United Kingdom,2015,100.0,100.0,100.0,100.0,3.02,,,429157.5,8.71,,4926228.07,65128861.0,Europe & Central Asia,High income,0.07563817322093197,0.00658935982313586
United States,USA,1990,,100.0,100.0,100.0,8.67,369241.0,11.53,2053170.0,4.18,3202813.0,49172281.02,249623000.0,North America,High income,0.19698617923829137,0.008225083425806115,United States,2015,100.0,100.0,100.0,100.0,5.41,,,5097931.0,8.72,,58483061.91,320896618.0,North America,High income,0.18224891952585176,0.015886521434139888
Upper middle income,UMC,1990,,,,,,,,,,,,2040239025.0,,,,,Upper middle income,2015,,,,,,,,,,,,2560700314.0,,,,
Uruguay,URY,1990,,76.24,96.29,98.78,3.08,7068.0,94.95,35153.68,44.81,7444.0,78446.19,3109989.0,Latin America & Caribbean,High income,0.025223944521990272,0.011303474063734631,Uruguay,2015,97.91,97.95,99.71,99.81,3.09,,,107022.2,58.02,,184450.94,3431552.0,Latin America & Caribbean,High income,0.05375146289492335,0.031187695829758662
Uzbekistan,UZB,1990,,97.8,98.41,99.32,31.22,6648.0,11.8,18392.59,1.33,56325.0,1383167.12,20510000.0,Europe & Central Asia,Lower middle income,0.06743866991711361,0.0008967620672842516,Uzbekistan,2015,91.82,100.0,100.0,100.0,9.99,,,34727.39,2.97,,1169202.04,31298900.0,Europe & Central Asia,Lower middle income,0.037356010594621535,0.0011095402713833394
Vanuatu,VUT,1990,,,7.01,71.25,3.13,0.0,0.0,212.08,24.16,25.0,877.88,146634.0,East Asia & Pacific,Lower middle income,0.005986878895754054,0.0014463221353846994,Vanuatu,2015,12.72,28.96,44.67,89.1,3.87,,,873.38,36.11,,2418.6,264603.0,East Asia & Pacific,Lower middle income,0.009140485935533611,0.0033007184347872095
"Venezuela, RB",VEN,1990,,85.07,97.39,99.69,5.77,36983.0,62.34,125532.5,11.98,59321.0,1048084.16,19861956.0,Latin America & Caribbean,Upper middle income,0.052768426231535305,0.006320248620025138,"Venezuela, RB",2015,95.96,95.1,99.46,100.0,4.72,,,195468.2,12.84,,1522150.87,31155134.0,Latin America & Caribbean,Upper middle income,0.04885714405850413,0.00627402854373857
Vietnam,VNM,1990,,68.01,74.11,98.14,7.55,5369.0,61.85,510559.8,76.08,8681.0,671068.3,68209605.0,East Asia & Pacific,Lower middle income,0.009838325555469792,0.007485159897935196,Vietnam,2015,63.81,100.0,100.0,100.0,5.94,,,800189.5,35.0,,2286349.14,93571567.0,East Asia & Pacific,Lower middle income,0.02443422947058266,0.008551630860259079
Virgin Islands (U.S.),VIR,1990,,100.0,100.0,100.0,,0.0,0.0,0.0,0.0,980.0,3042.0,103963.0,Latin America & Caribbean,High income,0.029260409953541164,0.0,Virgin Islands (U.S.),2015,,100.0,100.0,100.0,,,,91.5,3.88,,2359.8,107710.0,Latin America & Caribbean,High income,0.02190882926376381,0.0008495032958871042
Wallis and Futuna,WLF,1990,,,,,,,,0.0,,,0.0,,,,,,Wallis and Futuna,2015,,,,,,,,0.0,0.0,,169.38,,,,,
West Bank and Gaza,PSE,1990,,92.15,97.35,99.84,4.69,0.0,0.0,4050.07,22.08,60.0,18340.99,1978248.0,Middle East & North Africa,Lower middle income,0.009271329984915947,0.00204730145057647,West Bank and Gaza,2015,,100.0,100.0,100.0,,,,6701.55,10.47,,63990.57,4422143.0,Middle East & North Africa,Lower middle income,0.014470488629607862,0.0015154530280906792
Western Asia,GWA,1990,,,,,,,,,,,,,,,,,Western Asia,2015,,,,,,,,,,,,,,,,
Western Sahara,ESH,1990,,,,,,,,,,,,,,,,,Western Sahara,2015,,,,,,,,,,,,,,,,
World,GWL,1990,,,,,,,,,,,,,,,,,World,2015,,,,,,,,,,,,,,,,
"Yemen, Rep.",YEM,1990,,22.09,36.01,88.59,2.59,0.0,0.0,1570.8,2.15,1663.0,73106.97,12057039.0,Middle East & North Africa,Lower middle income,0.006063426517903774,0.0001302807430580593,"Yemen, Rep.",2015,64.28,56.06,70.21,96.95,2.05,,,2433.2,2.28,,106887.33,26916207.0,Middle East & North Africa,Lower middle income,0.003971114132091494,9.039906700078506e-05
Zambia,ZMB,1990,,1.8,13.9,34.7,12.08,7951.0,99.23,148743.4,82.98,8013.0,179246.2,8027253.0,Sub-Saharan Africa,Lower middle income,0.02232970606507606,0.01852980091695129,Zambia,2015,16.31,3.7,31.1,67.7,7.34,,,301679.8,87.99,,342874.64,16100587.0,Sub-Saharan Africa,Lower middle income,0.021295785054296468,0.0187371926253372
Zimbabwe,ZWE,1990,,7.83,30.36,85.54,14.7,4369.0,46.67,212307.4,63.98,9362.0,331852.63,10183113.0,Sub-Saharan Africa,Low income,0.03258852474680385,0.020848968287006144,Zimbabwe,2015,29.36,9.7,33.7,81.2,15.8,,,324422.6,81.8,,396615.27,15777451.0,Sub-Saharan Africa,Low income,0.02513810817729683,0.02056242164846527
